stream;display;offset;poc;type;time;size;quant;pts;pts time;dts;dts time;epsnr;distribution (bits);total;mb_skip;mb_field_decoding_flag;mb_type;sub_mb_type;prediction;pred_mode_flag;pred_mode;inter_prediction;transform;coded_block_pattern;transform_size_8x8_flag;mb_qp_delta;transform;pcm_data;
0;0;0x0000000I64X;0;I;00:00:00:000;44358;24;;;;;37.875386;;354 864;0;0;1 569;0;;17 490;35 017;0;;0;1 573;5 513;280 778;0;
1;1;0x0000000I64X;2;P;00:00:00:033;341;22;;;;;43.724318;;2 728;439;0;89;0;;4;4;497;;358;1;285;757;0;
2;4;0x0000000I64X;8;P;00:00:00:133;5744;24;;;;;35.649071;;45 952;780;0;1 885;0;;56;104;10 580;;4 671;7;2 961;23 634;0;
3;2;0x0000000I64X;4;B;00:00:00:066;1134;30;;;;;40.597742;;9 072;480;0;1 607;0;;3;6;5 174;;424;18;66;433;0;
4;3;0x0000000I64X;6;B;00:00:00:100;773;31;;;;;36.076811;;6 184;1 016;0;1 076;0;;0;0;2 768;;195;7;28;171;0;
5;8;0x0000000I64X;16;P;00:00:00:266;9463;25;;;;;34.986810;;75 704;535;0;2 707;0;;151;249;18 289;;6 415;19;3 990;42 188;0;
6;6;0x0000000I64X;12;B;00:00:00:200;2507;29;;;;;36.755630;;20 056;386;0;3 481;0;;16;12;10 434;;1 373;105;532;2 846;0;
7;5;0x0000000I64X;10;B;00:00:00:166;1391;31;;;;;38.210789;;11 128;310;0;2 597;0;;0;0;6 848;;402;7;26;217;0;
8;7;0x0000000I64X;14;B;00:00:00:233;920;31;;;;;35.275746;;7 360;987;0;1 135;0;;0;0;3 393;;260;12;58;536;0;
9;12;0x0000000I64X;24;P;00:00:00:400;9636;25;;;;;34.743369;;77 088;410;0;3 142;0;;604;1 338;19 359;;5 854;57;3 953;41 058;0;
10;10;0x0000000I64X;20;B;00:00:00:333;2916;28;;;;;36.310660;;23 328;139;0;3 981;0;;18;21;12 143;;1 815;154;718;3 952;0;
11;9;0x0000000I64X;18;B;00:00:00:300;1559;32;;;;;37.823299;;12 472;384;0;2 751;0;;0;0;7 140;;482;25;91;762;0;
12;11;0x0000000I64X;22;B;00:00:00:366;1153;31;;;;;34.391681;;9 224;999;0;1 500;0;;4;10;4 039;;357;32;119;1 137;0;
13;14;0x0000000I64X;28;P;00:00:00:466;7508;26;;;;;34.225333;;60 064;504;0;2 809;0;;691;1 289;15 953;;4 947;62;3 175;29 118;0;
14;13;0x0000000I64X;26;B;00:00:00:433;2035;31;;;;;38.030137;;16 280;325;0;3 359;0;;0;0;8 964;;797;59;223;1 808;0;
15;16;0x0000000I64X;32;P;00:00:00:533;9047;25;;;;;35.515017;;72 376;478;0;3 239;0;;825;1 461;16 736;;5 617;84;3 920;38 438;0;
16;15;0x0000000I64X;30;B;00:00:00:500;2257;30;;;;;38.293391;;18 056;360;0;3 186;0;;25;40;9 509;;1 054;87;387;2 622;0;
17;18;0x0000000I64X;36;P;00:00:00:600;8069;26;;;;;34.539048;;64 552;533;0;2 979;0;;826;1 346;16 370;;4 782;89;3 213;32 848;0;
18;17;0x0000000I64X;34;B;00:00:00:566;1907;31;;;;;37.635596;;15 256;562;0;3 171;0;;0;5;7 428;;904;67;300;1 783;0;
19;20;0x0000000I64X;40;P;00:00:00:666;9388;26;;;;;35.091672;;75 104;436;0;3 368;0;;1 195;2 199;16 718;;5 416;123;3 770;40 213;0;
20;19;0x0000000I64X;38;B;00:00:00:633;1817;30;;;;;37.536603;;14 536;744;0;2 840;0;;32;41;6 447;;844;85;303;2 057;0;
21;22;0x0000000I64X;44;P;00:00:00:733;9194;27;;;;;35.193706;;73 552;423;0;3 274;0;;1 300;2 727;16 466;;5 156;145;3 670;38 629;0;
22;21;0x0000000I64X;42;B;00:00:00:700;2143;30;;;;;37.140986;;17 144;373;0;3 203;0;;15;31;9 296;;1 032;85;357;1 996;0;
23;24;0x0000000I64X;48;P;00:00:00:800;11610;26;;;;;34.875139;;92 880;309;0;4 081;0;;1 706;4 219;18 840;;5 561;197;4 307;51 541;0;
24;23;0x0000000I64X;46;B;00:00:00:766;2356;30;;;;;37.216114;;18 848;744;0;3 426;0;;13;22;9 313;;1 233;102;420;2 510;0;
25;26;0x0000000I64X;52;P;00:00:00:866;10159;27;;;;;34.489039;;81 272;538;0;3 047;0;;1 323;2 371;16 476;;4 961;117;3 548;47 213;0;
26;25;0x0000000I64X;50;B;00:00:00:833;1815;31;;;;;37.114792;;14 520;835;0;2 673;0;;0;3;6 430;;906;83;308;2 195;0;
27;28;0x0000000I64X;56;P;00:00:00:933;10037;27;;;;;33.615648;;80 296;522;0;3 123;0;;1 460;2 607;14 930;;4 920;136;3 561;47 280;0;
28;27;0x0000000I64X;54;B;00:00:00:900;1919;32;;;;;37.242250;;15 352;770;0;3 017;0;;13;18;6 853;;942;90;340;2 225;0;
29;30;0x0000000I64X;60;P;00:00:01:000;11398;27;;;;;34.918094;;91 184;270;0;4 121;0;;1 724;3 571;16 136;;5 922;149;4 481;52 904;0;
30;29;0x0000000I64X;58;B;00:00:00:966;2395;30;;;;;37.165410;;19 160;345;0;3 564;0;;44;80;9 392;;1 515;122;558;2 714;0;
31;34;0x0000000I64X;68;P;00:00:01:133;10776;29;;;;;31.949503;;86 208;318;0;4 162;0;;1 194;2 816;18 965;;5 376;136;4 153;47 152;0;
32;32;0x0000000I64X;64;B;00:00:01:066;3294;31;;;;;32.940360;;26 352;487;0;4 237;0;;87;147;11 847;;2 741;182;1 191;4 402;0;
33;31;0x0000000I64X;62;B;00:00:01:033;1376;36;;;;;34.230677;;11 008;1 022;0;1 494;0;;3;6;5 121;;667;58;240;1 402;0;
34;33;0x0000000I64X;66;B;00:00:01:100;1207;34;;;;;30.147680;;9 656;1 014;0;1 439;0;;0;12;4 770;;451;30;201;726;0;
35;36;0x0000000I64X;72;P;00:00:01:200;8423;29;;;;;31.840008;;67 384;491;0;3 489;0;;1 035;2 056;14 863;;5 036;129;3 824;34 622;0;
36;35;0x0000000I64X;70;B;00:00:01:166;1421;33;;;;;35.426276;;11 368;994;0;1 731;0;;73;107;5 339;;452;37;280;1 226;0;
37;38;0x0000000I64X;76;P;00:00:01:266;7566;29;;;;;29.436780;;60 528;533;0;3 199;0;;676;1 442;13 570;;5 342;80;3 720;30 306;0;
38;37;0x0000000I64X;74;B;00:00:01:233;1197;36;;;;;35.496603;;9 576;1 015;0;1 366;0;;35;58;4 554;;470;33;205;740;0;
39;42;0x0000000I64X;84;P;00:00:01:400;13046;28;;;;;30.818930;;104 368;319;0;3 988;0;;1 637;2 824;19 062;;6 112;197;4 595;63 767;0;
40;40;0x0000000I64X;80;B;00:00:01:333;2452;31;;;;;33.631736;;19 616;867;0;2 929;0;;134;174;8 914;;1 317;132;743;3 118;0;
41;39;0x0000000I64X;78;B;00:00:01:300;1210;31;;;;;35.407937;;9 680;1 040;0;1 341;0;;23;25;4 980;;417;32;169;663;0;
42;41;0x0000000I64X;82;B;00:00:01:366;1152;35;;;;;33.250605;;9 216;991;0;1 383;0;;0;17;4 515;;450;29;185;657;0;
43;44;0x0000000I64X;88;P;00:00:01:466;8678;28;;;;;31.514677;;69 424;521;0;2 989;0;;608;1 166;15 507;;5 417;64;3 588;38 076;0;
44;43;0x0000000I64X;86;B;00:00:01:433;1210;34;;;;;36.110929;;9 680;972;0;1 228;0;;17;28;4 905;;428;28;179;902;0;
45;46;0x0000000I64X;92;P;00:00:01:533;12178;26;;;;;32.491548;;97 424;327;0;3 393;0;;702;1 514;18 325;;7 089;86;4 577;60 036;0;
46;45;0x0000000I64X;90;B;00:00:01:500;1182;33;;;;;37.053953;;9 456;986;0;1 276;0;;9;24;4 816;;439;29;224;705;0;
47;48;0x0000000I64X;96;P;00:00:01:600;9493;27;;;;;33.979234;;75 944;470;0;3 067;0;;563;1 103;17 207;;6 085;66;3 859;42 150;0;
48;47;0x0000000I64X;94;B;00:00:01:566;1375;31;;;;;37.044961;;11 000;976;0;1 661;0;;0;4;5 452;;464;35;203;1 172;0;
49;50;0x0000000I64X;100;P;00:00:01:666;9330;27;;;;;33.304671;;74 640;464;0;3 168;0;;468;893;17 803;;5 603;58;3 787;41 043;0;
50;49;0x0000000I64X;98;B;00:00:01:633;1279;32;;;;;36.934813;;10 232;956;0;1 597;0;;6;7;5 002;;520;50;208;923;0;
51;52;0x0000000I64X;104;P;00:00:01:733;9895;26;;;;;33.357787;;79 160;417;0;3 366;0;;620;1 154;17 956;;6 357;90;4 294;43 528;0;
52;51;0x0000000I64X;102;B;00:00:01:700;1169;33;;;;;37.497111;;9 352;982;0;1 465;0;;6;8;4 522;;442;37;175;782;0;
53;56;0x0000000I64X;112;P;00:00:01:866;14665;27;;;;;33.617093;;117 320;299;0;3 563;0;;737;1 599;21 807;;6 398;92;4 606;76 821;0;
54;54;0x0000000I64X;108;B;00:00:01:800;2901;29;;;;;35.502798;;23 208;846;0;3 553;0;;83;131;9 340;;2 082;218;881;4 885;0;
55;53;0x0000000I64X;106;B;00:00:01:766;1330;31;;;;;36.099602;;10 640;967;0;1 657;0;;5;13;5 212;;489;40;219;1 019;0;
56;55;0x0000000I64X;110;B;00:00:01:833;1240;32;;;;;34.513239;;9 920;1 006;0;1 527;0;;0;1;4 792;;491;33;142;881;0;
57;58;0x0000000I64X;116;P;00:00:01:933;12627;26;;;;;34.301451;;101 016;267;0;3 693;0;;633;1 498;18 411;;6 995;86;4 488;63 522;0;
58;57;0x0000000I64X;114;B;00:00:01:900;1141;31;;;;;36.983391;;9 128;957;0;1 614;0;;21;25;4 116;;444;33;208;818;0;
59;62;0x0000000I64X;124;P;00:00:02:066;9900;27;;;;;32.836202;;79 200;515;0;2 626;0;;53;143;15 133;;6 502;9;3 950;49 189;0;
60;60;0x0000000I64X;120;B;00:00:02:000;2291;28;;;;;36.296191;;18 328;859;0;2 574;0;;24;46;6 729;;1 413;166;622;4 790;0;
61;59;0x0000000I64X;118;B;00:00:01:966;567;34;;;;;36.479167;;4 536;875;0;421;0;;0;0;2 193;;177;10;27;159;0;
62;61;0x0000000I64X;122;B;00:00:02:033;827;34;;;;;32.156893;;6 616;1 012;0;1 270;0;;0;1;2 838;;210;8;31;176;0;
63;64;0x0000000I64X;128;P;00:00:02:133;7832;27;;;;;33.503141;;62 656;534;0;2 771;0;;409;714;16 456;;5 396;46;3 274;31 813;0;
64;63;0x0000000I64X;126;B;00:00:02:100;1217;32;;;;;36.600783;;9 736;1 000;0;1 616;0;;8;8;4 491;;391;37;79;1 107;0;
65;66;0x0000000I64X;132;P;00:00:02:200;8683;27;;;;;35.208488;;69 464;439;0;3 261;0;;520;953;17 927;;5 586;71;3 693;35 575;0;
66;65;0x0000000I64X;130;B;00:00:02:166;1519;30;;;;;36.404773;;12 152;947;0;1 952;0;;12;9;5 948;;677;49;259;1 222;0;
67;67;0x0000000I64X;134;P;00:00:02:233;7346;27;;;;;36.873393;;58 768;554;0;2 791;0;;203;380;14 890;;5 531;24;3 615;29 479;0;
68;70;0x0000000I64X;140;P;00:00:02:333;10577;28;;;;;31.388314;;84 616;297;0;3 900;0;;1 316;2 275;20 395;;5 255;175;4 095;45 033;0;
69;68;0x0000000I64X;136;B;00:00:02:266;2320;31;;;;;35.219370;;18 560;885;0;2 642;0;;49;67;9 151;;1 214;116;523;2 829;0;
70;69;0x0000000I64X;138;B;00:00:02:300;1604;35;;;;;33.416120;;12 832;920;0;2 116;0;;4;8;6 781;;527;48;232;1 130;0;
71;71;0x0000000I64X;142;P;00:00:02:366;8589;27;;;;;36.485817;;68 712;521;0;3 090;0;;349;785;16 675;;5 380;59;3 736;36 733;0;
72;72;0x0000000I64X;144;P;00:00:02:400;6685;27;;;;;36.800506;;53 480;634;0;2 974;0;;551;988;14 293;;4 388;78;3 071;24 836;0;
73;73;0x0000000I64X;146;P;00:00:02:433;7265;28;;;;;36.488798;;58 120;633;0;2 560;0;;287;666;14 296;;4 718;39;3 206;30 329;0;
74;74;0x0000000I64X;148;P;00:00:02:466;7934;27;;;;;37.472875;;63 472;549;0;3 130;0;;752;1 169;14 272;;4 824;98;3 652;33 364;0;
75;76;0x0000000I64X;152;P;00:00:02:533;10684;27;;;;;33.993516;;85 472;289;0;3 984;0;;1 426;2 511;17 434;;5 892;177;4 749;47 050;0;
76;75;0x0000000I64X;150;B;00:00:02:500;1839;32;;;;;37.161617;;14 712;966;0;1 944;0;;101;141;6 843;;889;78;438;2 180;0;
77;78;0x0000000I64X;156;P;00:00:02:600;10367;27;;;;;34.850443;;82 936;407;0;3 560;0;;1 600;2 667;16 416;;5 118;186;4 247;46 804;0;
78;77;0x0000000I64X;154;B;00:00:02:566;1714;30;;;;;36.770366;;13 712;934;0;2 075;0;;32;74;6 862;;705;48;334;1 571;0;
79;80;0x0000000I64X;160;P;00:00:02:666;11568;27;;;;;33.867868;;92 544;370;0;3 503;0;;1 150;2 189;18 603;;6 306;133;4 800;53 721;0;
80;79;0x0000000I64X;158;B;00:00:02:633;1668;31;;;;;36.962120;;13 344;930;0;1 832;0;;10;18;6 492;;811;82;274;1 860;0;
81;82;0x0000000I64X;164;P;00:00:02:733;11320;26;;;;;33.537626;;90 560;413;0;3 340;0;;990;1 820;18 240;;6 382;109;4 805;52 784;0;
82;81;0x0000000I64X;162;B;00:00:02:700;1642;32;;;;;37.112737;;13 136;944;0;1 932;0;;13;25;6 398;;673;70;266;1 796;0;
83;84;0x0000000I64X;168;P;00:00:02:800;10441;26;;;;;33.801943;;83 528;448;0;2 881;0;;667;1 017;18 111;;6 064;92;4 454;48 250;0;
84;83;0x0000000I64X;166;B;00:00:02:766;1684;31;;;;;36.794111;;13 472;932;0;1 794;0;;3;5;6 343;;857;84;381;2 045;0;
85;86;0x0000000I64X;172;P;00:00:02:866;10578;26;;;;;33.558754;;84 624;502;0;2 738;0;;570;831;16 900;;5 927;69;4 213;51 491;0;
86;85;0x0000000I64X;170;B;00:00:02:833;1556;32;;;;;36.514788;;12 448;945;0;1 762;0;;7;9;5 534;;768;78;268;2 055;0;
87;88;0x0000000I64X;176;P;00:00:02:933;8404;27;;;;;32.525997;;67 232;596;0;2 686;0;;535;649;14 687;;4 901;70;3 522;38 191;0;
88;87;0x0000000I64X;174;B;00:00:02:900;1531;33;;;;;37.026243;;12 248;952;0;1 722;0;;0;0;5 633;;726;61;214;1 896;0;
89;92;0x0000000I64X;184;P;00:00:03:066;15932;26;;;;;32.196993;;127 456;184;0;3 669;0;;693;1 370;23 255;;7 227;88;5 262;84 424;0;
90;90;0x0000000I64X;180;B;00:00:03:000;2207;29;;;;;35.036381;;17 656;889;0;2 332;0;;13;33;6 910;;1 332;157;559;4 422;0;
91;89;0x0000000I64X;178;B;00:00:02:966;1485;30;;;;;36.373196;;11 880;954;0;1 761;0;;21;42;5 504;;625;69;296;1 608;0;
92;91;0x0000000I64X;182;B;00:00:03:033;854;34;;;;;34.082188;;6 832;947;0;999;0;;0;0;2 764;;316;30;87;802;0;
93;96;0x0000000I64X;192;P;00:00:03:200;8946;27;;;;;32.466585;;71 568;542;0;2 681;0;;452;796;17 968;;5 428;47;3 446;38 927;0;
94;94;0x0000000I64X;188;B;00:00:03:133;2069;29;;;;;35.756817;;16 552;935;0;1 842;0;;0;5;6 503;;1 330;143;569;4 122;0;
95;93;0x0000000I64X;186;B;00:00:03:100;813;34;;;;;35.850876;;6 504;1 023;0;985;0;;0;0;2 557;;261;14;58;550;0;
96;95;0x0000000I64X;190;B;00:00:03:166;1413;33;;;;;31.738265;;11 304;966;0;1 838;0;;0;2;5 751;;509;45;132;1 055;0;
97;98;0x0000000I64X;196;P;00:00:03:266;9087;28;;;;;32.481973;;72 696;536;0;3 031;0;;1 057;2 121;17 893;;4 665;109;3 074;38 521;0;
98;97;0x0000000I64X;194;B;00:00:03:233;2208;32;;;;;34.650774;;17 664;941;0;2 729;0;;14;29;8 407;;1 002;113;344;2 930;0;
99;100;0x0000000I64X;200;P;00:00:03:333;10724;28;;;;;30.767196;;85 792;418;0;3 152;0;;1 387;2 799;18 504;;5 334;147;3 720;48 570;0;
100;99;0x0000000I64X;198;B;00:00:03:300;2200;34;;;;;34.589947;;17 600;915;0;2 619;0;;4;8;8 740;;1 036;98;361;2 730;0;
101;102;0x0000000I64X;204;P;00:00:03:400;11131;28;;;;;31.254285;;89 048;425;0;3 212;0;;1 319;2 347;19 231;;5 440;132;3 706;51 592;0;
102;101;0x0000000I64X;202;B;00:00:03:366;2288;32;;;;;34.236999;;18 304;912;0;2 725;0;;8;19;8 642;;1 116;124;403;3 225;0;
103;104;0x0000000I64X;208;P;00:00:03:466;12502;28;;;;;30.942216;;100 016;379;0;3 338;0;;1 263;2 481;18 832;;6 000;113;4 081;61 900;0;
104;103;0x0000000I64X;206;B;00:00:03:433;2329;33;;;;;34.598714;;18 632;911;0;2 896;0;;27;41;8 324;;1 206;127;500;3 476;0;
105;106;0x0000000I64X;212;P;00:00:03:533;12668;27;;;;;31.590664;;101 344;393;0;3 278;0;;1 261;1 880;18 812;;5 674;119;4 252;64 057;0;
106;105;0x0000000I64X;210;B;00:00:03:500;2356;33;;;;;35.239881;;18 848;895;0;2 836;0;;47;63;8 705;;1 139;139;393;3 498;0;
107;108;0x0000000I64X;216;P;00:00:03:600;13245;27;;;;;31.604127;;105 960;386;0;3 296;0;;1 224;1 818;17 159;;6 391;111;4 536;69 528;0;
108;107;0x0000000I64X;214;B;00:00:03:566;1815;34;;;;;35.061092;;14 520;941;0;2 065;0;;12;16;6 399;;897;106;267;2 782;0;
109;112;0x0000000I64X;224;P;00:00:03:733;11991;28;;;;;31.634711;;95 928;467;0;3 140;0;;505;780;18 578;;6 164;62;4 042;60 994;0;
110;110;0x0000000I64X;220;B;00:00:03:666;2694;32;;;;;32.943120;;21 552;854;0;3 087;0;;27;40;8 243;;1 541;176;610;5 789;0;
111;109;0x0000000I64X;218;B;00:00:03:633;1382;35;;;;;34.421724;;11 056;994;0;1 443;0;;0;0;4 507;;567;47;179;2 241;0;
112;111;0x0000000I64X;222;B;00:00:03:700;1391;34;;;;;31.223570;;11 128;978;0;1 824;0;;0;1;5 120;;561;48;160;1 382;0;
113;114;0x0000000I64X;228;P;00:00:03:800;10143;28;;;;;31.842458;;81 144;453;0;3 265;0;;507;1 173;18 662;;5 842;72;3 541;46 106;0;
114;113;0x0000000I64X;226;B;00:00:03:766;2136;34;;;;;34.856097;;17 088;899;0;2 472;0;;22;30;7 748;;848;95;204;3 718;0;
115;116;0x0000000I64X;232;P;00:00:03:866;9632;28;;;;;30.500865;;77 056;429;0;3 367;0;;1 010;2 131;15 728;;4 804;166;3 382;43 916;0;
116;115;0x0000000I64X;230;B;00:00:03:833;1925;36;;;;;34.188536;;15 400;955;0;2 501;0;;5;3;7 852;;799;78;217;1 921;0;
117;118;0x0000000I64X;236;P;00:00:03:933;9844;28;;;;;30.921491;;78 752;400;0;3 448;0;;1 059;2 202;16 729;;5 106;136;3 628;44 200;0;
118;117;0x0000000I64X;234;B;00:00:03:900;1785;33;;;;;34.302902;;14 280;942;0;2 119;0;;4;5;7 027;;824;84;223;2 004;0;
119;120;0x0000000I64X;240;P;00:00:04:000;9130;28;;;;;31.017027;;73 040;470;0;3 097;0;;962;1 790;16 363;;5 287;157;3 495;39 614;0;
120;119;0x0000000I64X;238;B;00:00:03:966;1887;34;;;;;35.236529;;15 096;894;0;2 102;0;;3;7;7 477;;915;100;208;2 384;0;
121;122;0x0000000I64X;244;P;00:00:04:066;9569;27;;;;;31.344182;;76 552;402;0;3 322;0;;1 170;2 113;16 329;;5 617;151;3 843;41 811;0;
122;121;0x0000000I64X;242;B;00:00:04:033;1924;34;;;;;35.710003;;15 392;863;0;2 159;0;;43;64;7 462;;786;96;257;2 675;0;
123;124;0x0000000I64X;248;P;00:00:04:133;7281;28;;;;;32.488311;;58 248;575;0;2 694;0;;606;1 072;14 552;;4 697;60;3 029;29 471;0;
124;123;0x0000000I64X;246;B;00:00:04:100;1732;33;;;;;35.732446;;13 856;868;0;2 019;0;;20;25;6 698;;735;73;182;2 291;0;
125;126;0x0000000I64X;252;P;00:00:04:200;7648;28;;;;;31.523067;;61 184;595;0;2 758;0;;620;1 114;14 475;;4 544;74;2 936;32 628;0;
126;125;0x0000000I64X;250;B;00:00:04:166;1621;35;;;;;35.833484;;12 968;860;0;2 085;0;;17;28;6 846;;605;49;193;1 312;0;
127;128;0x0000000I64X;256;P;00:00:04:266;10357;27;;;;;33.206380;;82 856;303;0;3 654;0;;863;2 439;15 681;;5 424;102;4 322;48 410;0;
128;127;0x0000000I64X;254;B;00:00:04:233;1883;32;;;;;36.070116;;15 064;809;0;2 444;0;;39;64;6 820;;854;86;306;2 618;0;
129;130;0x0000000I64X;260;P;00:00:04:333;10625;27;;;;;35.717994;;85 000;377;0;4 074;0;;1 081;1 840;15 839;;5 773;144;4 755;49 474;0;
130;129;0x0000000I64X;258;B;00:00:04:300;1464;29;;;;;36.486516;;11 712;939;0;2 235;0;;17;38;5 049;;629;68;243;1 628;0;
131;131;0x0000000I64X;262;P;00:00:04:366;8402;27;;;;;37.115374;;67 216;613;0;2 779;0;;204;325;12 828;;5 802;33;3 878;39 490;0;
132;134;0x0000000I64X;268;P;00:00:04:466;9171;27;;;;;34.109276;;73 368;420;0;3 538;0;;502;1 277;15 080;;6 096;69;4 230;40 644;0;
133;132;0x0000000I64X;264;B;00:00:04:400;1338;28;;;;;36.680090;;10 704;996;0;1 134;0;;29;50;4 652;;730;70;332;1 695;0;
134;133;0x0000000I64X;266;B;00:00:04:433;997;31;;;;;36.345522;;7 976;918;0;1 376;0;;18;35;3 893;;286;17;84;468;0;
135;136;0x0000000I64X;272;P;00:00:04:533;8968;27;;;;;32.701830;;71 744;563;0;3 093;0;;1 329;2 421;14 221;;4 741;146;3 449;40 096;0;
136;135;0x0000000I64X;270;B;00:00:04:500;1760;33;;;;;36.081882;;14 080;906;0;2 166;0;;16;38;6 790;;781;87;259;2 012;0;
137;138;0x0000000I64X;276;P;00:00:04:600;14070;27;;;;;33.180706;;112 560;180;0;4 492;0;;2 959;7 732;15 008;;4 552;368;5 261;69 305;0;
138;137;0x0000000I64X;274;B;00:00:04:566;1886;31;;;;;35.445488;;15 088;939;0;2 432;0;;69;124;6 891;;851;95;360;2 291;0;
139;140;0x0000000I64X;280;P;00:00:04:666;8263;28;;;;;32.546711;;66 104;511;0;3 151;0;;1 187;2 115;13 482;;4 672;155;3 228;35 735;0;
140;139;0x0000000I64X;278;B;00:00:04:633;2178;33;;;;;35.486429;;17 424;937;0;2 212;0;;7;18;7 894;;892;101;257;4 042;0;
141;142;0x0000000I64X;284;P;00:00:04:733;9197;29;;;;;32.381298;;73 576;519;0;2 838;0;;1 228;2 593;14 391;;4 795;128;2 995;42 512;0;
142;141;0x0000000I64X;282;B;00:00:04:700;1914;32;;;;;34.426703;;15 312;951;0;2 035;0;;3;10;7 268;;873;86;271;2 775;0;
143;143;0x0000000I64X;286;P;00:00:04:766;10297;28;;;;;35.395363;;82 376;352;0;3 604;0;;427;1 016;18 355;;6 076;51;4 016;47 174;0;
144;144;0x0000000I64X;288;P;00:00:04:800;10670;28;;;;;35.704706;;85 360;397;0;3 866;0;;909;1 736;17 479;;5 863;114;4 189;48 944;0;
145;146;0x0000000I64X;292;P;00:00:04:866;13642;27;;;;;32.845918;;109 136;283;0;4 004;0;;821;1 770;18 035;;6 445;97;4 235;71 871;0;
146;145;0x0000000I64X;290;B;00:00:04:833;963;32;;;;;35.314248;;7 704;957;0;920;0;;10;6;3 950;;337;26;99;555;0;
147;148;0x0000000I64X;296;P;00:00:04:933;6431;27;;;;;34.418072;;51 448;783;0;2 012;0;;49;203;9 373;;4 859;6;2 804;30 071;0;
148;147;0x0000000I64X;294;B;00:00:04:900;943;31;;;;;36.877260;;7 544;883;0;1 264;0;;0;7;3 278;;328;22;104;599;0;
149;152;0x0000000I64X;304;P;00:00:05:066;13401;28;;;;;34.123288;;107 208;259;0;4 057;0;;1 068;2 107;22 367;;6 348;128;4 725;64 413;0;
150;150;0x0000000I64X;300;B;00:00:05:000;3602;29;;;;;34.515106;;28 816;765;0;3 569;0;;36;73;10 999;;2 654;322;1 045;8 138;0;
151;149;0x0000000I64X;298;B;00:00:04:966;1116;33;;;;;35.212226;;8 928;995;0;1 324;0;;0;0;4 554;;414;22;88;440;0;
152;151;0x0000000I64X;302;B;00:00:05:033;1652;31;;;;;31.811106;;13 216;907;0;2 055;0;;21;37;6 451;;797;67;325;1 522;0;
153;154;0x0000000I64X;308;P;00:00:05:133;10555;27;;;;;33.925971;;84 440;311;0;3 944;0;;1 016;1 836;18 119;;5 945;123;4 127;47 405;0;
154;153;0x0000000I64X;306;B;00:00:05:100;1674;31;;;;;36.009250;;13 392;967;0;1 858;0;;45;72;6 557;;798;63;408;1 571;0;
155;156;0x0000000I64X;312;P;00:00:05:200;10135;27;;;;;33.199488;;81 080;336;0;3 651;0;;1 285;2 492;16 495;;5 988;152;4 357;44 520;0;
156;155;0x0000000I64X;310;B;00:00:05:166;1422;32;;;;;36.137558;;11 376;989;0;1 575;0;;46;69;5 587;;537;46;204;1 276;0;
157;160;0x0000000I64X;320;P;00:00:05:333;13910;28;;;;;31.750973;;111 280;196;0;4 216;0;;1 953;3 581;21 785;;6 000;223;4 565;66 885;0;
158;158;0x0000000I64X;316;B;00:00:05:266;3353;30;;;;;34.320687;;26 824;805;0;3 885;0;;86;145;11 848;;2 298;239;1 087;5 165;0;
159;157;0x0000000I64X;314;B;00:00:05:233;1540;31;;;;;35.070804;;12 320;974;0;1 859;0;;28;42;5 911;;661;43;317;1 415;0;
160;159;0x0000000I64X;318;B;00:00:05:300;1435;34;;;;;33.336209;;11 480;1 018;0;1 801;0;;5;11;5 666;;638;48;232;1 011;0;
161;162;0x0000000I64X;324;P;00:00:05:400;8785;28;;;;;33.036260;;70 280;440;0;3 288;0;;894;1 779;17 633;;5 419;108;3 787;35 368;0;
162;161;0x0000000I64X;322;B;00:00:05:366;1534;32;;;;;35.894691;;12 272;937;0;1 757;0;;6;11;6 367;;586;46;272;1 237;0;
163;164;0x0000000I64X;328;P;00:00:05:466;8172;29;;;;;33.690679;;65 376;504;0;3 185;0;;835;1 553;15 759;;4 899;114;3 408;33 607;0;
164;163;0x0000000I64X;326;B;00:00:05:433;1463;31;;;;;35.246544;;11 704;958;0;1 835;0;;3;10;6 193;;624;43;229;727;0;
165;166;0x0000000I64X;332;P;00:00:05:533;10438;29;;;;;32.575424;;83 504;369;0;3 744;0;;955;2 101;17 667;;5 737;95;4 242;46 877;0;
166;165;0x0000000I64X;330;B;00:00:05:500;1532;33;;;;;34.535600;;12 256;918;0;1 879;0;;35;55;6 182;;710;61;305;1 094;0;
167;168;0x0000000I64X;336;P;00:00:05:600;12145;28;;;;;32.959643;;97 160;294;0;3 867;0;;1 202;2 224;18 493;;6 352;138;4 505;58 403;0;
168;167;0x0000000I64X;334;B;00:00:05:566;1379;32;;;;;35.074402;;11 032;903;0;1 764;0;;20;33;5 372;;597;47;265;1 079;0;
169;169;0x0000000I64X;338;P;00:00:05:633;9262;28;;;;;35.256643;;74 096;380;0;2 992;0;;185;457;15 295;;6 908;25;4 027;42 641;0;
170;172;0x0000000I64X;344;P;00:00:05:733;6962;28;;;;;32.619390;;55 696;686;0;2 557;0;;252;499;12 654;;5 094;39;3 296;29 248;0;
171;170;0x0000000I64X;340;B;00:00:05:666;1205;31;;;;;35.416073;;9 640;994;0;1 555;0;;16;21;4 275;;524;36;153;952;0;
172;171;0x0000000I64X;342;B;00:00:05:700;1029;32;;;;;33.796541;;8 232;962;0;1 243;0;;5;13;3 802;;505;22;162;539;0;
173;174;0x0000000I64X;348;P;00:00:05:800;7934;28;;;;;33.769020;;63 472;495;0;3 127;0;;527;902;17 448;;5 306;63;3 655;30 466;0;
174;173;0x0000000I64X;346;B;00:00:05:766;1726;31;;;;;35.347711;;13 808;964;0;1 961;0;;53;76;7 053;;926;57;339;1 257;0;
175;176;0x0000000I64X;352;P;00:00:05:866;8910;29;;;;;33.862396;;71 280;427;0;3 384;0;;1 111;1 973;17 901;;5 236;143;3 742;35 606;0;
176;175;0x0000000I64X;350;B;00:00:05:833;1888;31;;;;;35.067266;;15 104;904;0;2 228;0;;20;38;7 483;;1 096;90;383;1 732;0;
177;177;0x0000000I64X;354;P;00:00:05:900;7725;29;;;;;34.976116;;61 800;535;0;2 947;0;;424;726;16 160;;5 298;60;3 694;30 478;0;
178;178;0x0000000I64X;356;P;00:00:05:933;7251;27;;;;;36.746464;;58 008;592;0;3 119;0;;679;1 174;15 064;;4 891;87;3 373;27 361;0;
179;179;0x0000000I64X;358;P;00:00:05:966;6979;28;;;;;36.075212;;55 832;570;0;2 789;0;;249;663;14 707;;5 132;36;3 600;26 681;0;
180;180;0x0000000I64X;360;P;00:00:06:000;6065;28;;;;;36.243081;;48 520;656;0;2 684;0;;548;979;13 294;;4 264;64;3 037;21 411;0;
181;181;0x0000000I64X;362;P;00:00:06:033;6103;29;;;;;35.249780;;48 824;665;0;2 632;0;;344;642;14 712;;4 308;44;3 010;21 017;0;
182;182;0x0000000I64X;364;P;00:00:06:066;7731;28;;;;;36.518217;;61 848;553;0;3 193;0;;956;1 953;14 744;;4 837;122;3 714;30 014;0;
183;183;0x0000000I64X;366;P;00:00:06:100;8898;27;;;;;36.850259;;71 184;372;0;3 722;0;;677;1 538;17 559;;5 914;88;4 359;35 319;0;
184;184;0x0000000I64X;368;P;00:00:06:133;7053;28;;;;;36.551391;;56 424;648;0;3 168;0;;1 014;1 569;13 466;;4 149;122;3 379;26 973;0;
185;186;0x0000000I64X;372;P;00:00:06:200;9139;28;;;;;33.836462;;73 112;444;0;3 587;0;;1 685;2 611;15 961;;4 831;188;4 064;37 592;0;
186;185;0x0000000I64X;370;B;00:00:06:166;2092;31;;;;;36.421716;;16 736;947;0;2 306;0;;52;99;7 883;;1 051;90;496;2 585;0;
187;187;0x0000000I64X;374;P;00:00:06:233;10251;28;;;;;36.300980;;82 008;346;0;3 522;0;;651;1 936;18 429;;5 931;75;4 250;45 076;0;
188;188;0x0000000I64X;376;P;00:00:06:266;6519;27;;;;;37.130973;;52 152;598;0;2 608;0;;608;915;13 715;;4 424;69;3 002;24 623;0;
189;189;0x0000000I64X;378;P;00:00:06:300;10033;27;;;;;37.391950;;80 264;262;0;3 748;0;;378;1 115;19 343;;6 841;45;5 008;42 185;0;
190;190;0x0000000I64X;380;P;00:00:06:333;8443;26;;;;;37.749322;;67 544;494;0;3 152;0;;760;1 312;15 862;;5 513;103;4 072;34 502;0;
191;191;0x0000000I64X;382;P;00:00:06:366;10079;28;;;;;36.363453;;80 632;435;0;3 077;0;;340;630;17 082;;6 382;42;4 507;46 800;0;
192;192;0x0000000I64X;384;P;00:00:06:400;7011;27;;;;;37.214110;;56 088;687;0;2 363;0;;379;500;12 949;;4 743;54;3 258;29 735;0;
193;193;0x0000000I64X;386;P;00:00:06:433;9289;27;;;;;37.358745;;74 312;474;0;3 094;0;;435;597;16 721;;6 479;52;4 550;40 462;0;
194;194;0x0000000I64X;388;P;00:00:06:466;9312;27;;;;;36.372117;;74 496;420;0;3 385;0;;600;1 238;16 173;;6 203;81;4 782;39 909;0;
195;196;0x0000000I64X;392;P;00:00:06:533;7784;28;;;;;31.806677;;62 272;718;0;2 218;0;;394;556;11 852;;5 063;46;3 578;36 364;0;
196;195;0x0000000I64X;390;B;00:00:06:500;1024;34;;;;;36.270414;;8 192;1 013;0;1 170;0;;0;0;3 429;;353;35;138;1 188;0;
197;200;0x0000000I64X;400;P;00:00:06:666;9087;27;;;;;31.448140;;72 696;503;0;2 361;0;;108;257;15 920;;6 072;16;3 810;42 444;0;
198;198;0x0000000I64X;396;B;00:00:06:600;1611;31;;;;;34.571038;;12 888;928;0;1 730;0;;0;0;5 449;;937;77;360;2 254;0;
199;197;0x0000000I64X;394;B;00:00:06:566;694;34;;;;;36.054869;;5 552;980;0;396;0;;0;0;2 240;;243;28;85;728;0;
200;199;0x0000000I64X;398;B;00:00:06:633;1230;35;;;;;32.595509;;9 840;1 025;0;1 523;0;;0;0;4 304;;419;37;111;1 317;0;
201;202;0x0000000I64X;404;P;00:00:06:733;9779;28;;;;;33.007582;;78 232;483;0;3 117;0;;1 237;2 340;16 930;;5 317;110;3 362;43 662;0;
202;201;0x0000000I64X;402;B;00:00:06:700;1742;33;;;;;36.208167;;13 936;912;0;2 266;0;;39;40;6 542;;772;70;305;1 835;0;
203;203;0x0000000I64X;406;P;00:00:06:766;8123;27;;;;;36.867859;;64 984;590;0;2 581;0;;459;907;14 509;;4 864;55;2 936;36 714;0;
204;204;0x0000000I64X;408;P;00:00:06:800;7056;28;;;;;36.031734;;56 448;650;0;2 674;0;;789;1 280;14 158;;4 348;72;2 600;28 256;0;
205;205;0x0000000I64X;410;P;00:00:06:833;8405;27;;;;;36.553120;;67 240;546;0;2 800;0;;341;821;16 108;;5 518;51;3 472;36 144;0;
206;206;0x0000000I64X;412;P;00:00:06:866;7886;27;;;;;36.668659;;63 088;563;0;2 990;0;;1 037;1 700;15 247;;4 891;110;3 140;31 632;0;
207;207;0x0000000I64X;414;P;00:00:06:900;8391;27;;;;;36.452407;;67 128;498;0;3 058;0;;427;910;16 648;;5 319;63;3 374;35 445;0;
208;208;0x0000000I64X;416;P;00:00:06:933;8640;27;;;;;37.117144;;69 120;498;0;3 307;0;;1 060;1 765;15 546;;5 413;130;3 723;35 852;0;
209;210;0x0000000I64X;420;P;00:00:07:000;9770;28;;;;;33.121928;;78 160;419;0;3 604;0;;1 628;2 998;16 260;;4 705;184;3 795;42 508;0;
210;209;0x0000000I64X;418;B;00:00:06:966;1916;32;;;;;35.603162;;15 328;874;0;2 420;0;;11;25;8 101;;866;69;370;1 438;0;
211;212;0x0000000I64X;424;P;00:00:07:066;9378;28;;;;;32.645453;;75 024;441;0;3 454;0;;1 286;2 304;16 068;;4 942;155;3 747;40 785;0;
212;211;0x0000000I64X;422;B;00:00:07:033;1780;33;;;;;35.428575;;14 240;934;0;2 261;0;;69;105;7 131;;719;59;243;1 547;0;
213;214;0x0000000I64X;428;P;00:00:07:133;10259;29;;;;;32.087222;;82 072;450;0;3 465;0;;1 372;2 360;17 715;;4 805;145;3 674;46 361;0;
214;213;0x0000000I64X;426;B;00:00:07:100;1844;33;;;;;34.755300;;14 752;931;0;2 088;0;;44;64;7 624;;701;61;298;1 825;0;
215;216;0x0000000I64X;432;P;00:00:07:200;16043;27;;;;;33.295524;;128 344;142;0;4 707;0;;2 478;5 079;19 646;;5 954;280;5 836;81 740;0;
216;215;0x0000000I64X;430;B;00:00:07:166;2021;31;;;;;35.620973;;16 168;902;0;2 681;0;;78;130;7 609;;851;82;576;2 219;0;
217;218;0x0000000I64X;436;P;00:00:07:266;10872;28;;;;;31.977299;;86 976;471;0;2 969;0;;831;1 808;16 190;;5 270;84;3 651;54 313;0;
218;217;0x0000000I64X;434;B;00:00:07:233;1354;33;;;;;34.920528;;10 832;973;0;1 673;0;;15;32;5 260;;556;47;155;1 101;0;
219;222;0x0000000I64X;444;P;00:00:07:400;11757;28;;;;;29.483292;;94 056;395;0;2 944;0;;258;671;14 603;;6 609;34;4 642;62 752;0;
220;220;0x0000000I64X;440;B;00:00:07:333;1725;31;;;;;33.093357;;13 800;876;0;1 653;0;;8;7;5 341;;866;87;230;3 723;0;
221;219;0x0000000I64X;438;B;00:00:07:300;670;35;;;;;34.943202;;5 360;977;0;522;0;;7;6;2 537;;197;17;60;329;0;
222;221;0x0000000I64X;442;B;00:00:07:366;729;37;;;;;30.161262;;5 832;1 025;0;985;0;;0;0;2 239;;226;10;25;299;0;
223;224;0x0000000I64X;448;P;00:00:07:466;7871;27;;;;;32.395313;;62 968;507;0;2 827;0;;207;380;16 034;;6 048;40;3 889;31 732;0;
224;223;0x0000000I64X;446;B;00:00:07:433;1211;33;;;;;36.317606;;9 688;978;0;1 405;0;;0;0;4 710;;457;34;150;943;0;
225;226;0x0000000I64X;452;P;00:00:07:533;8434;27;;;;;32.498260;;67 472;510;0;3 050;0;;750;1 353;15 420;;5 247;87;3 483;35 970;0;
226;225;0x0000000I64X;450;B;00:00:07:500;1495;33;;;;;36.074502;;11 960;1 004;0;1 761;0;;26;47;5 586;;595;58;212;1 607;0;
227;227;0x0000000I64X;454;P;00:00:07:566;7398;27;;;;;36.439024;;59 184;638;0;2 554;0;;278;723;13 148;;5 242;39;3 255;31 917;0;
228;228;0x0000000I64X;456;P;00:00:07:600;7205;27;;;;;37.058292;;57 640;646;0;2 783;0;;632;1 153;12 982;;4 700;79;3 365;29 730;0;
229;230;0x0000000I64X;460;P;00:00:07:666;8949;27;;;;;33.669821;;71 592;495;0;3 372;0;;1 308;2 105;15 454;;5 159;167;4 027;37 581;0;
230;229;0x0000000I64X;458;B;00:00:07:633;1533;32;;;;;36.648584;;12 264;978;0;1 643;0;;75;136;5 594;;638;55;333;1 679;0;
231;232;0x0000000I64X;464;P;00:00:07:733;10176;27;;;;;33.742922;;81 408;419;0;3 608;0;;1 095;1 683;16 115;;5 646;135;4 224;46 750;0;
232;231;0x0000000I64X;462;B;00:00:07:700;1601;31;;;;;36.353823;;12 808;992;0;1 816;0;;58;76;5 686;;736;71;328;1 965;0;
233;234;0x0000000I64X;468;P;00:00:07:800;8893;28;;;;;33.665161;;71 144;557;0;3 093;0;;963;1 654;14 716;;4 706;121;3 541;40 085;0;
234;233;0x0000000I64X;466;B;00:00:07:766;1678;32;;;;;36.247794;;13 424;993;0;2 132;0;;13;39;6 150;;755;51;343;1 814;0;
235;235;0x0000000I64X;470;P;00:00:07:833;8091;28;;;;;36.396063;;64 728;567;0;2 649;0;;314;613;14 877;;5 528;48;3 938;34 702;0;
236;236;0x0000000I64X;472;P;00:00:07:866;8396;28;;;;;35.778768;;67 168;570;0;3 308;0;;844;1 409;14 946;;5 120;106;3 990;35 129;0;
237;237;0x0000000I64X;474;P;00:00:07:900;10974;27;;;;;35.788452;;87 792;421;0;2 957;0;;256;499;17 228;;6 538;34;4 743;53 788;0;
238;240;0x0000000I64X;480;P;00:00:08:000;13913;28;;;;;31.630948;;111 304;282;0;3 772;0;;1 006;1 908;21 730;;6 440;134;4 821;69 671;0;
239;238;0x0000000I64X;476;B;00:00:07:933;3093;32;;;;;34.939988;;24 744;841;0;3 092;0;;8;26;10 238;;1 578;176;630;7 030;0;
240;239;0x0000000I64X;478;B;00:00:07:966;2021;33;;;;;32.106927;;16 168;933;0;2 358;0;;9;9;7 507;;891;102;230;3 073;0;
241;242;0x0000000I64X;484;P;00:00:08:066;10938;28;;;;;31.680657;;87 504;468;0;3 108;0;;1 000;1 776;16 432;;5 969;95;4 300;52 857;0;
242;241;0x0000000I64X;482;B;00:00:08:033;1932;32;;;;;34.574128;;15 456;916;0;2 481;0;;22;25;6 942;;816;94;227;2 832;0;
243;244;0x0000000I64X;488;P;00:00:08:133;12105;28;;;;;31.032863;;96 840;449;0;3 343;0;;1 208;2 482;16 907;;5 765;114;4 362;60 515;0;
244;243;0x0000000I64X;486;B;00:00:08:100;1908;33;;;;;34.358838;;15 264;945;0;2 416;0;;20;40;7 284;;903;96;263;2 237;0;
245;246;0x0000000I64X;492;P;00:00:08:200;13388;27;;;;;31.174731;;107 104;395;0;3 607;0;;1 281;2 763;18 199;;6 138;109;4 654;68 327;0;
246;245;0x0000000I64X;490;B;00:00:08:166;1801;32;;;;;34.882106;;14 408;939;0;2 379;0;;8;14;6 840;;865;82;277;1 951;0;
247;248;0x0000000I64X;496;P;00:00:08:266;13751;27;;;;;30.851022;;110 008;323;0;3 718;0;;1 211;2 401;18 524;;6 219;122;4 625;71 223;0;
248;247;0x0000000I64X;494;B;00:00:08:233;1754;33;;;;;35.245486;;14 032;943;0;2 393;0;;13;31;6 678;;768;66;236;1 832;0;
249;249;0x0000000I64X;498;P;00:00:08:300;3835;30;;;;;34.091778;;30 680;899;0;1 505;0;;21;69;8 905;;2 187;5;1 200;14 811;0;
250;250;0x0000000I64X;0;I;00:00:08:333;71796;23;;;;;38.672297;;574 368;0;0;990;0;;12 868;27 789;0;;0;1 582;5 436;520 504;0;
251;254;0x0000000I64X;8;P;00:00:08:466;12165;27;;;;;29.573658;;97 320;481;0;3 131;0;;232;344;14 451;;6 667;33;3 832;66 926;0;
252;252;0x0000000I64X;4;B;00:00:08:400;2235;30;;;;;33.915752;;17 880;898;0;2 858;0;;10;25;7 010;;1 217;124;393;4 186;0;
253;251;0x0000000I64X;2;B;00:00:08:366;887;30;;;;;35.727291;;7 096;1 024;0;1 252;0;;4;12;2 921;;275;19;75;505;0;
254;253;0x0000000I64X;6;B;00:00:08:433;638;37;;;;;33.217894;;5 104;1 024;0;748;0;;3;3;1 994;;166;7;12;212;0;
255;256;0x0000000I64X;12;P;00:00:08:533;8500;27;;;;;33.229335;;68 000;578;0;2 375;0;;35;114;11 632;;6 089;7;3 284;42 712;0;
256;255;0x0000000I64X;10;B;00:00:08:500;630;34;;;;;36.280534;;5 040;1 029;0;767;0;;0;0;2 134;;161;2;0;34;0;
257;260;0x0000000I64X;20;P;00:00:08:666;8981;28;;;;;30.988448;;71 848;533;0;2 673;0;;16;70;13 906;;6 172;3;3 519;43 854;0;
258;258;0x0000000I64X;16;B;00:00:08:600;1735;31;;;;;34.401797;;13 880;908;0;2 127;0;;3;3;5 027;;927;84;169;3 442;0;
259;257;0x0000000I64X;14;B;00:00:08:566;655;36;;;;;35.310593;;5 240;1 028;0;830;0;;0;0;1 933;;215;9;21;280;0;
260;259;0x0000000I64X;18;B;00:00:08:633;841;35;;;;;30.295860;;6 728;1 021;0;1 106;0;;0;0;2 820;;254;13;35;453;0;
261;264;0x0000000I64X;28;P;00:00:08:800;12996;28;;;;;31.292009;;103 968;338;0;3 479;0;;880;1 415;22 659;;6 017;97;4 001;63 649;0;
262;262;0x0000000I64X;24;B;00:00:08:733;3700;32;;;;;32.799013;;29 600;781;0;3 790;0;;3;8;10 485;;2 159;287;708;10 232;0;
263;261;0x0000000I64X;22;B;00:00:08:700;1291;34;;;;;33.951368;;10 328;972;0;1 950;0;;0;0;4 813;;447;30;82;932;0;
264;263;0x0000000I64X;26;B;00:00:08:766;2132;34;;;;;32.319082;;17 056;887;0;2 863;0;;12;8;7 261;;931;116;237;3 614;0;
265;268;0x0000000I64X;36;P;00:00:08:933;18427;35;;;;;23.622962;;147 416;68;0;4 764;0;;4 868;11 459;15 299;;2 614;601;4 929;98 417;0;
266;266;0x0000000I64X;32;B;00:00:08:866;2800;38;;;;;26.211013;;22 400;792;0;2 733;0;;85;109;9 786;;1 478;215;370;5 672;0;
267;265;0x0000000I64X;30;B;00:00:08:833;1386;41;;;;;27.471727;;11 088;967;0;1 729;0;;0;0;5 789;;519;43;104;925;0;
268;267;0x0000000I64X;34;B;00:00:08:900;1852;42;;;;;24.655046;;14 816;948;0;1 983;0;;31;41;7 085;;794;105;193;2 612;0;
269;270;0x0000000I64X;40;P;00:00:09:000;13552;33;;;;;24.280733;;108 416;234;0;4 025;0;;2 348;5 969;20 467;;4 847;295;4 558;62 710;0;
270;269;0x0000000I64X;38;B;00:00:08:966;1636;40;;;;;28.312381;;13 088;963;0;1 622;0;;80;86;6 151;;512;61;165;2 463;0;
271;272;0x0000000I64X;44;P;00:00:09:066;12233;30;;;;;24.486517;;97 864;346;0;3 562;0;;1 578;3 875;18 699;;5 458;199;4 024;57 747;0;
272;271;0x0000000I64X;42;B;00:00:09:033;1466;38;;;;;31.128543;;11 728;948;0;1 645;0;;0;3;6 116;;577;47;181;1 226;0;
273;274;0x0000000I64X;48;P;00:00:09:133;10875;29;;;;;28.026894;;87 000;477;0;3 078;0;;814;1 573;17 508;;6 134;105;4 106;51 609;0;
274;273;0x0000000I64X;46;B;00:00:09:100;1548;37;;;;;32.925755;;12 384;947;0;1 866;0;;0;7;6 072;;695;67;238;1 500;0;
275;276;0x0000000I64X;52;P;00:00:09:200;10366;28;;;;;28.363433;;82 928;523;0;2 809;0;;771;1 492;15 588;;5 983;97;4 028;50 071;0;
276;275;0x0000000I64X;50;B;00:00:09:166;1807;36;;;;;34.317353;;14 456;906;0;2 035;0;;12;15;6 788;;868;108;284;2 473;0;
277;280;0x0000000I64X;60;P;00:00:09:333;14215;28;;;;;29.670725;;113 720;222;0;3 876;0;;975;2 477;19 171;;6 845;129;5 024;73 403;0;
278;278;0x0000000I64X;56;B;00:00:09:266;3161;31;;;;;32.235398;;25 288;806;0;3 484;0;;60;95;10 288;;1 706;214;734;6 726;0;
279;277;0x0000000I64X;54;B;00:00:09:233;1575;34;;;;;34.313598;;12 600;905;0;1 776;0;;22;33;5 966;;582;53;154;2 142;0;
280;279;0x0000000I64X;58;B;00:00:09:300;1241;34;;;;;30.620929;;9 928;966;0;1 533;0;;13;20;4 787;;408;33;142;961;0;
281;282;0x0000000I64X;64;P;00:00:09:400;6730;28;;;;;33.569226;;53 840;675;0;2 719;0;;219;517;12 001;;5 436;31;3 366;27 446;0;
282;281;0x0000000I64X;62;B;00:00:09:366;849;32;;;;;35.705571;;6 792;992;0;961;0;;0;1;3 274;;283;20;85;295;0;
283;284;0x0000000I64X;68;P;00:00:09:466;7196;29;;;;;30.973432;;57 568;662;0;2 566;0;;451;668;13 997;;4 345;62;2 987;30 490;0;
284;283;0x0000000I64X;66;B;00:00:09:433;1548;34;;;;;34.177366;;12 384;988;0;1 875;0;;0;3;5 738;;575;57;164;1 919;0;
285;286;0x0000000I64X;72;P;00:00:09:533;11137;29;;;;;30.584688;;89 096;396;0;3 605;0;;1 813;4 135;16 089;;4 887;178;3 825;52 049;0;
286;285;0x0000000I64X;70;B;00:00:09:500;1987;33;;;;;33.322675;;15 896;904;0;2 321;0;;8;22;7 274;;987;106;286;2 953;0;
287;288;0x0000000I64X;76;P;00:00:09:600;9799;29;;;;;29.720449;;78 392;464;0;3 080;0;;1 100;2 204;17 812;;5 088;108;3 575;43 249;0;
288;287;0x0000000I64X;74;B;00:00:09:566;1998;35;;;;;33.550009;;15 984;926;0;2 533;0;;12;15;7 653;;912;98;281;2 474;0;
289;290;0x0000000I64X;80;P;00:00:09:666;10538;29;;;;;30.887831;;84 304;411;0;3 259;0;;1 121;2 304;18 596;;5 501;109;3 752;47 660;0;
290;289;0x0000000I64X;78;B;00:00:09:633;2101;33;;;;;33.816394;;16 808;923;0;2 341;0;;7;23;8 519;;1 004;106;301;2 517;0;
291;292;0x0000000I64X;84;P;00:00:09:733;9552;29;;;;;30.375692;;76 416;490;0;2 964;0;;960;2 072;16 857;;5 062;106;3 299;43 064;0;
292;291;0x0000000I64X;82;B;00:00:09:700;1930;33;;;;;33.868610;;15 440;918;0;2 276;0;;4;17;7 643;;898;95;292;2 196;0;
293;294;0x0000000I64X;88;P;00:00:09:800;9949;29;;;;;30.297712;;79 592;532;0;3 039;0;;1 408;2 044;15 487;;4 799;146;3 332;47 018;0;
294;293;0x0000000I64X;86;B;00:00:09:766;1959;35;;;;;34.207279;;15 672;896;0;2 316;0;;41;46;7 169;;890;101;252;2 928;0;
295;296;0x0000000I64X;92;P;00:00:09:866;14511;28;;;;;30.456036;;116 088;342;0;3 809;0;;1 795;3 517;18 679;;6 296;143;4 661;75 131;0;
296;295;0x0000000I64X;90;B;00:00:09:833;2048;34;;;;;34.553593;;16 384;882;0;2 217;0;;32;43;7 590;;1 008;112;275;3 161;0;
297;298;0x0000000I64X;96;P;00:00:09:933;14852;28;;;;;32.107815;;118 816;261;0;4 191;0;;1 771;3 193;18 943;;6 273;185;4 767;77 507;0;
298;297;0x0000000I64X;94;B;00:00:09:900;2247;32;;;;;34.853118;;17 976;906;0;2 878;0;;15;30;8 329;;1 176;142;413;2 995;0;
299;300;0x0000000I64X;100;P;00:00:10:000;13219;28;;;;;31.569791;;105 752;268;0;3 755;0;;981;1 790;19 092;;6 123;120;4 511;67 581;0;
300;299;0x0000000I64X;98;B;00:00:09:966;1731;33;;;;;34.673682;;13 848;956;0;2 183;0;;16;24;6 709;;776;83;222;1 829;0;
301;304;0x0000000I64X;108;P;00:00:10:133;16263;28;;;;;31.250799;;130 104;278;0;3 565;0;;635;1 422;20 479;;6 892;89;4 824;90 747;0;
302;302;0x0000000I64X;104;B;00:00:10:066;2772;31;;;;;33.263623;;22 176;875;0;3 291;0;;42;63;9 263;;1 420;161;564;5 322;0;
303;301;0x0000000I64X;102;B;00:00:10:033;1277;33;;;;;34.360067;;10 216;959;0;1 663;0;;0;2;4 804;;525;50;143;1 071;0;
304;303;0x0000000I64X;106;B;00:00:10:100;956;34;;;;;30.913883;;7 648;1 004;0;1 264;0;;0;2;3 612;;335;21;73;350;0;
305;308;0x0000000I64X;116;P;00:00:10:266;11838;28;;;;;28.543064;;94 704;346;0;3 326;0;;255;436;18 651;;6 955;32;4 581;58 989;0;
306;306;0x0000000I64X;112;B;00:00:10:200;2094;32;;;;;32.826202;;16 752;877;0;2 663;0;;3;17;7 151;;1 083;112;247;3 425;0;
307;305;0x0000000I64X;110;B;00:00:10:166;695;34;;;;;34.581592;;5 560;1 019;0;850;0;;0;0;2 446;;191;2;1;62;0;
308;307;0x0000000I64X;114;B;00:00:10:233;973;37;;;;;33.227167;;7 784;1 025;0;1 185;0;;3;9;3 369;;317;27;80;742;0;
309;310;0x0000000I64X;120;P;00:00:10:333;11183;28;;;;;32.791555;;89 464;411;0;3 556;0;;874;1 404;19 283;;6 016;95;4 225;52 001;0;
310;309;0x0000000I64X;118;B;00:00:10:300;1791;32;;;;;35.042073;;14 328;955;0;2 435;0;;7;24;6 611;;776;59;283;2 058;0;
311;312;0x0000000I64X;124;P;00:00:10:400;10719;28;;;;;33.007686;;85 752;337;0;3 804;0;;1 012;1 681;19 189;;6 102;130;4 312;47 525;0;
312;311;0x0000000I64X;122;B;00:00:10:366;1989;32;;;;;35.399009;;15 912;917;0;2 610;0;;41;53;7 231;;879;93;325;2 612;0;
313;314;0x0000000I64X;128;P;00:00:10:466;9879;28;;;;;32.770805;;79 032;402;0;3 650;0;;1 000;1 562;18 402;;5 650;119;4 089;42 459;0;
314;313;0x0000000I64X;126;B;00:00:10:433;1982;33;;;;;35.246649;;15 856;930;0;2 511;0;;28;31;7 487;;851;85;290;2 523;0;
315;315;0x0000000I64X;130;P;00:00:10:500;8470;28;;;;;35.817706;;67 760;506;0;3 018;0;;295;517;16 811;;5 925;44;4 018;35 267;0;
316;316;0x0000000I64X;132;P;00:00:10:533;8676;27;;;;;36.318566;;69 408;537;0;3 239;0;;596;914;16 657;;5 054;79;3 629;37 166;0;
317;317;0x0000000I64X;134;P;00:00:10:566;9034;27;;;;;36.884506;;72 272;550;0;2 981;0;;302;446;16 655;;6 062;46;3 995;39 873;0;
318;318;0x0000000I64X;136;P;00:00:10:600;7954;27;;;;;37.041912;;63 632;564;0;2 984;0;;482;708;15 840;;5 184;62;3 458;32 864;0;
319;319;0x0000000I64X;138;P;00:00:10:633;8485;27;;;;;37.029683;;67 880;485;0;3 019;0;;287;432;16 710;;6 080;37;4 293;35 277;0;
320;320;0x0000000I64X;140;P;00:00:10:666;7696;27;;;;;37.510695;;61 568;596;0;2 783;0;;645;873;15 536;;5 043;68;3 444;31 041;0;
321;321;0x0000000I64X;142;P;00:00:10:700;7789;27;;;;;36.950994;;62 312;579;0;2 608;0;;257;460;15 669;;5 189;34;3 413;32 766;0;
322;322;0x0000000I64X;144;P;00:00:10:733;9754;27;;;;;37.006709;;78 032;407;0;3 577;0;;765;1 502;18 667;;5 823;99;4 385;41 099;0;
323;324;0x0000000I64X;148;P;00:00:10:800;12159;27;;;;;33.027374;;97 272;309;0;3 799;0;;1 239;2 199;20 607;;6 627;147;5 360;55 087;0;
324;323;0x0000000I64X;146;B;00:00:10:766;1798;33;;;;;36.431702;;14 384;964;0;2 323;0;;4;12;6 446;;852;73;267;2 415;0;
325;326;0x0000000I64X;152;P;00:00:10:866;11203;26;;;;;32.232662;;89 624;417;0;3 195;0;;610;1 005;17 079;;5 874;68;4 489;55 408;0;
326;325;0x0000000I64X;150;B;00:00:10:833;1257;34;;;;;36.945543;;10 056;1 008;0;1 404;0;;7;7;4 368;;525;46;178;1 505;0;
327;330;0x0000000I64X;160;P;00:00:11:000;8824;27;;;;;32.836851;;70 592;558;0;2 498;0;;145;307;13 164;;5 801;20;4 204;42 586;0;
328;328;0x0000000I64X;156;B;00:00:10:933;2351;30;;;;;35.291231;;18 808;891;0;2 674;0;;41;61;6 573;;1 457;152;687;5 064;0;
329;327;0x0000000I64X;154;B;00:00:10:900;596;33;;;;;36.418465;;4 768;1 014;0;517;0;;0;0;2 032;;166;6;43;97;0;
330;329;0x0000000I64X;158;B;00:00:10:966;844;33;;;;;33.272717;;6 752;1 028;0;1 146;0;;0;0;2 609;;282;15;68;644;0;
331;332;0x0000000I64X;164;P;00:00:11:066;8556;27;;;;;33.036696;;68 448;549;0;2 591;0;;482;856;16 160;;5 554;46;3 740;36 986;0;
332;331;0x0000000I64X;162;B;00:00:11:033;1414;32;;;;;36.750328;;11 312;1 032;0;1 643;0;;4;10;4 544;;571;50;224;2 137;0;
333;334;0x0000000I64X;168;P;00:00:11:133;11435;26;;;;;34.098330;;91 480;319;0;3 516;0;;1 318;2 387;17 665;;6 137;123;4 225;54 166;0;
334;333;0x0000000I64X;166;B;00:00:11:100;1705;31;;;;;37.213580;;13 640;963;0;2 071;0;;7;10;6 273;;723;67;254;2 168;0;
335;336;0x0000000I64X;172;P;00:00:11:200;10454;27;;;;;33.830495;;83 632;480;0;3 345;0;;1 463;3 019;17 282;;5 550;128;3 625;47 078;0;
336;335;0x0000000I64X;170;B;00:00:11:166;1704;32;;;;;36.754656;;13 632;942;0;2 033;0;;32;46;5 931;;707;71;238;2 467;0;
337;338;0x0000000I64X;176;P;00:00:11:266;10432;28;;;;;33.252954;;83 456;470;0;3 343;0;;1 601;3 290;15 807;;5 064;147;3 459;48 431;0;
338;337;0x0000000I64X;174;B;00:00:11:233;1853;33;;;;;36.192653;;14 824;965;0;2 260;0;;11;24;6 905;;748;65;194;2 520;0;
339;340;0x0000000I64X;180;P;00:00:11:333;10273;28;;;;;34.111974;;82 184;459;0;3 476;0;;1 616;3 477;15 669;;5 113;158;3 514;46 838;0;
340;339;0x0000000I64X;178;B;00:00:11:300;2082;31;;;;;35.784668;;16 656;902;0;2 562;0;;27;21;7 848;;966;82;410;2 660;0;
341;342;0x0000000I64X;184;P;00:00:11:400;10725;28;;;;;33.069391;;85 800;424;0;3 780;0;;1 679;3 096;16 555;;5 572;141;3 786;49 000;0;
342;341;0x0000000I64X;182;B;00:00:11:366;1967;32;;;;;35.183111;;15 736;916;0;2 458;0;;14;28;7 505;;976;91;345;2 229;0;
343;343;0x0000000I64X;186;P;00:00:11:433;7875;29;;;;;35.767314;;63 000;622;0;2 717;0;;577;1 093;12 249;;5 218;61;3 232;35 779;0;
344;344;0x0000000I64X;188;P;00:00:11:466;8731;29;;;;;35.043287;;69 848;456;0;3 714;0;;1 037;1 885;14 403;;5 543;95;4 089;36 892;0;
345;346;0x0000000I64X;192;P;00:00:11:533;8102;29;;;;;32.988886;;64 816;589;0;3 074;0;;977;1 788;14 041;;5 087;112;3 171;34 118;0;
346;345;0x0000000I64X;190;B;00:00:11:500;1730;33;;;;;34.512287;;13 840;949;0;2 043;0;;11;28;6 105;;875;89;365;2 288;0;
347;347;0x0000000I64X;194;P;00:00:11:566;4811;30;;;;;34.354416;;38 488;783;0;1 819;0;;277;470;9 094;;3 592;32;2 055;19 064;0;
